attr_name	tumor_breast_1	tumor_breast_2	tumor_breast_3	tumor_breast_4	tumor_breast_5	tumor_breast_6
ABCA6	3.92713979337527	4.81269280715259	4.72997673755208	3.7615562873136	4.14183085671906	2.80289152318876
ABCA8	3.16738531548539	4.03125009792775	3.84923413100482	3.43228141034525	3.36375884339524	3.38035791832999
ABCA9	3.82174889066279	4.03367704897554	4.53066985402473	3.79113786458768	3.44496755751637	3.29588809170003
ABCC9	5.06063343497295	5.39623903848767	4.29617463778612	4.79639292940379	5.91114036004475	4.99170204996649
ABLIM1	6.13458945910964	6.24071919912516	7.51921294236755	6.76902640662552	6.69552663540924	6.22308609178828
ABLIM3	4.217169402741	5.08838105070204	4.68809389265987	5.24071930381743	5.0253442892482	4.94013496474026
ACACB	7.69799174970809	8.75688110642444	8.8508756319231	7.6586992658066	6.64269627140569	7.60702538412863
ACKR1	3.61391118229419	4.32696831162403	6.92405488374615	6.39265776778412	7.91554578141246	3.68987703500297
ACOT7	6.11413642214247	6.29450372573717	5.63777115412187	6.69770470865474	6.05674713549513	6.79141123657597
ADAMTS1	5.85314829617896	6.54504761674574	6.43253778133992	6.15214872464582	8.03418379666717	5.44215206239374
ADAMTS14	5.41867177325187	6.61167890337356	5.66240281448775	5.75456340589382	6.49013961759471	5.66492033506062
ADAMTS9	4.63028176678514	4.18614371324318	4.75566030096632	5.20302584150631	4.6735445969021	4.03953048306574
ADCY4	5.70363496388058	5.22440198896364	6.66510211708659	6.18726749222791	6.74310533135684	4.06202680905596
ADGRF5	7.03078117340699	5.53431143664772	5.95749200220712	5.96024145838553	5.78373960258651	6.23503129533013
ADH1B	2.68554817396224	2.85211614794576	6.01899388505858	4.4830947389215	5.31024794514231	2.62566022996698
AHI1	7.82794741733088	7.95989905326208	8.18889626432037	7.29953190890961	7.98816314688548	7.87276515688615
AIF1L	5.09255520660244	4.26727405685686	5.99467775210502	4.67066143764519	5.07757795763757	4.85445953073291
AKIP1	6.09011751323522	6.18042275288124	6.15771410133583	5.23791459445543	5.58310517677491	5.55592960108
AKR1C1	6.38875660553985	7.12396864074689	6.51444957301619	6.23084169318068	6.42439548971138	5.9679175874026
AMOTL2	8.54645435183924	7.14607215964883	7.55452394695818	8.37641838229384	6.65955470245513	7.97190376983774
ANK2	6.06091930073443	7.90628857866277	5.83612136711205	5.14704478891755	7.32053525818134	5.12498511089863
ANKRD20A11P	5.29822194978951	5.69840162092017	6.56968336034024	6.07034549889169	5.83488230383727	5.77944404500813
ANKRD29	3.29393977134525	4.10424618890521	3.95808394545754	3.49229396178718	2.91816853312295	3.25913347340249
ANKS1A	7.72515265037404	7.87583778482863	7.15114187496264	7.57202788008123	8.72170346746174	7.44521332014764
AOC3	5.96127970983936	6.4608147885096	5.52006670712865	6.51597507992668	7.24725861898927	7.24638606938443
AOX1	4.67067422848135	5.83531418475788	4.89542913533854	5.16729839271061	5.18020986797614	5.30633470301139
ARAP3	5.27360270858279	5.02481358929517	5.27288168116784	5.70722620187406	5.72447478452358	4.72769789989825
ARHGAP29	6.62686720127096	6.2715360521373	6.39527010771984	5.51604193007638	7.34940820049065	6.62850645274037
ARHGAP6	6.05352289153896	4.83146932002753	5.47144050147955	5.00567605726407	5.79099387451496	5.69200127442977
ARHGEF15	5.16830095274595	5.19287342924933	5.2226174809856	5.35387192899916	6.29787008214071	4.73510367895525
ARL4A	7.24485854495795	6.75859140399988	7.53539960444668	6.92636332777111	7.07127448775911	7.09402475585638
ARRB1	5.66534955632221	5.51018146581665	6.01910912784392	6.57535383118255	4.75281264307446	5.69876985954654
ARSI	7.77540398491374	6.72704657453464	6.19624590133462	6.77294864181708	6.99258342424809	6.72579116490634
ASPA	4.39931075242998	3.05750129918773	4.14341271350225	5.78528215621574	6.37978582712421	6.03638741263291
ASTN1	2.46923509389614	2.62262715020778	2.07764727590856	2.34074786031906	2.47436510785992	1.9380483522571
ATP6V0B	7.93442155025122	7.61604946139992	7.47506311138156	8.19028631748506	8.32914228539251	8.4662022788146
AZIN2	7.53131703914453	8.05940035832816	7.29371667057198	7.93843616019803	7.85700851992008	7.61393549537136
BCHE	3.58173075889888	6.05999970543859	4.89049896092387	4.33804248168587	3.56934106761175	3.57948905017899
BGN	10.5587494618143	10.8015682824014	10.1252225544931	10.782575622616	9.89389257107702	10.0124401374608
BMP2	5.53606285251732	6.50139612334233	5.62331510830522	4.72880224751691	5.44582902187116	5.38593628809054
BTNL9	6.64145859407036	5.1574942464162	5.04062070595239	5.23032833869602	4.94604703756889	3.24249904859489
C16orf89	4.35159385710406	4.82736221293258	6.76882943778477	4.43312764760726	6.07326711605362	4.50436118713376
C17orf58	7.33743486070563	6.08797535332381	6.34243261820764	6.57231870908232	6.80963312340816	6.71549765645039
C1orf115	5.80177985340363	6.075269448337	5.11459300365799	5.40979448390825	5.95569165225886	4.46050710745645
C1QTNF3	9.52830135298982	10.5051470801333	7.81233812185654	8.02949368912703	10.391462334182	10.1946113319506
C1QTNF6	6.75632762086036	6.90222116083901	6.31922835727239	6.9449597789868	6.61953152161872	6.2732112955093
C3orf80	4.66968460547248	5.7747050003033	4.04424402211806	4.79608004715712	6.38899633898177	5.17874137124864
CAB39L	6.07283989591136	5.53151340875761	5.88085702386832	4.65556408827171	4.6864641076176	5.43500867947457
CACHD1	6.67972674767444	6.69267732217518	6.65872523090081	5.01065069462035	7.13195500836459	5.22475925133473
CADM1	8.83760774592445	7.85717572348702	7.32635608691947	8.32126743830795	8.38184335430039	9.63441403075207
CAND2	5.78557965023055	4.77011576482693	5.80111873945781	4.8234856014154	4.59614287948377	6.66969570648899
CAPN6	3.48463584127154	3.0957643785191	6.13557278403905	3.04193817323719	4.96837006086446	2.84077887786069
CAPZB	6.98014978761196	6.44587568788579	6.68864844440671	6.94584996705956	6.57199250281586	6.94152733651471
CASP4LP	5.4545527130142	4.99010456212264	4.85924668476119	5.6593468266694	5.73254542230137	5.20824367403855
CAV1	8.88658008861264	8.00109298682469	6.28919285611813	7.34847446534635	7.65985339156276	7.48137116044803
CAVIN2	2.34128567877111	2.26254330621506	2.08888006396509	1.85256940686453	2.99347498703965	1.97177470056787
CCDC167	7.32650776516995	7.30535991588407	5.98686471655335	7.73405764066597	7.62936400156897	7.05378536288052
CCDC178	4.96402415819785	4.75373296619417	6.00422810089916	5.07535391117423	5.46930338496314	4.98536516351634
CCM2L	5.87061964348867	4.71200615375998	6.1226106485062	6.15226928788214	7.0344393205319	4.62388585517044
CCN4	8.10140482070854	8.52511257222066	5.9003705415255	6.96138596770733	6.72337166998174	7.83379047991
CCNL1	7.23539153257591	6.43392210352321	7.32758119217847	6.94357413760886	7.33544416273891	6.83258125729406
CD24	6.98550647861652	8.0381123730246	8.23074846015637	5.82143432545892	7.78190203785877	7.66605605308223
CD300LG	4.48615920759834	5.45999942006659	4.37059245648761	4.79057990733801	4.45174418290944	4.4998862559001
CD34	6.03517691650941	5.08460417893201	6.40544601813021	6.28432203383612	5.79240014007024	5.41197456906616
CD36	4.63216698491616	3.71001745573367	4.21060704324117	4.56041616947229	5.11588112588751	3.20289011340635
CDC42EP4	5.29416920781775	4.59088390940489	6.57241955917852	5.3861475070012	5.91565118667882	5.23685154864888
CDKN2A	5.9004099728854	7.27803480382935	6.18265861947732	5.35092163494713	6.73016534939282	6.93975167647679
CDKN2B	6.40342406149374	6.51608555704284	4.79557704632617	4.27110876151915	7.13735528896209	5.58413054359774
CDON	4.54922919607986	4.99897330149723	4.12136700657957	4.66702136498777	5.36177105611948	3.66564057412042
CEMIP	9.4327564665708	8.58848917946254	5.43092712577823	7.40017220452643	8.62836524573074	10.5265923536759
CEP15	7.79663070115956	8.2598524711325	6.7695496867207	6.60090894159477	8.23985896143658	7.57001579557222
CEP68	7.37547111950077	7.44842232046651	7.21358561030908	6.8591454865396	6.88677271191513	7.1930170087374
CERCAM	6.534594277097	6.67473574046535	6.41622574898437	6.63187018111173	7.39740654965575	7.71147831486009
CFAP69	5.75216803062718	6.51191605216298	6.9636384762893	5.54125615035144	5.67065110675168	6.10209159543492
CFAP91	4.86282480215436	4.5599471549691	6.08028032366152	4.9148930596128	5.03050227482291	5.43726275684909
CILP2	8.03332098639869	9.43131980631904	6.52259449904893	5.9815712601253	7.50241582766147	8.47278843713569
CIRBP	6.85591504519807	6.60923561054175	7.75692056076126	6.75712670437776	7.41638157461515	7.14939741924688
CLDN5	6.81711586507003	6.78178500660279	7.63041719350217	7.6178494554133	8.18200066351505	5.57824156632884
CNKSR3	6.24809198532678	6.25483355112718	4.91019387928799	5.30518380153319	5.85522038578348	6.0841585789795
CNN2	7.64173976556485	7.23190992173877	7.42156849752342	7.56148689405794	8.02846529551496	7.87729063647306
COL10A1	11.0394657597043	9.92354344720187	6.72913027933552	8.47792077507951	10.5407204571025	10.9757733526839
COL11A1	12.2752534753592	11.5281170325977	7.15749864594243	10.414708760758	10.3926468183335	12.3649637042394
COL6A6	4.70065293119015	6.35479891326517	2.88881345932994	3.60441241566406	4.99982524336322	4.00742835387262
COL8A1	11.555441032433	12.4098600531606	9.21858826484095	10.7204668757928	12.0157239394558	12.5348744476173
COLGALT2	4.46213670156235	4.33439958695068	5.05383060886266	4.5197816709223	5.02384354020233	4.86690611486571
COMP	9.12973700728608	10.8614524450931	10.9482712784474	9.75518575109819	11.6113838605825	12.398215729621
COPZ2	10.0584802007047	10.3061945084698	8.75124086565355	8.87402691451455	9.69384457741922	9.3468812521196
CREB5	6.0221443321455	5.90713911901594	6.14940227286056	5.30376412476266	5.18392077283953	4.74178531126578
CTTN	6.54374392234088	7.33448002853234	5.76456244023669	6.02548251989836	6.52372402247529	7.47152679697427
CXCL10	7.59315705153037	5.08686495601637	7.63651189857374	8.57509393826652	9.16971588064503	11.2739890392897
CXCL12	9.97280165346944	10.6281419466344	9.45328910122962	9.69513457422633	11.2778041032493	10.3023651346965
CXCL2	4.1016768098106	3.54157621805842	3.74456261235613	4.78215087421343	4.90518325402188	5.17614922261852
CYBB	5.65163988951655	6.00224467198717	5.50172937189059	6.87357127917489	6.8187656679228	7.45541218046943
CYTL1	3.43631820250086	3.33934692899408	3.13895537769643	3.87527265471194	3.49447797335168	3.16725290864107
CYYR1	4.81840392530898	3.19302771258025	4.49867428317423	4.17483458831178	5.13864546462625	2.71109936280043
DACH1	4.68802322255765	4.20290708021111	4.61276357405618	4.32593489584537	4.99491482257464	3.2757170364825
DCLK1	4.98884408551289	3.02251070471651	2.62916103447574	3.78703161675231	3.40595166799132	2.17163814800957
DENND2A	4.23537442274146	4.70645095090075	4.49542498275908	4.78272380680496	4.65536432385595	4.52133968065399
DOC2B	6.05043322457317	5.03341026613954	5.70584164276501	5.72121659303107	3.80779729979662	3.18870553208165
DOCK9	6.61019902374015	5.80194325626496	4.82089906058782	5.61383053355581	6.82773037187511	5.05146472032384
DOK5	7.62610017245016	7.19740051281188	6.89646225987868	7.68663627099516	7.76835264330829	8.16898578592138
DPP3	6.88329167515581	7.05811381409566	7.03122576779783	7.46908041266845	7.29035221903876	7.30037968549905
DPY19L2	4.50989941968795	4.34434721322509	4.54289291273785	4.42036852802667	4.52784236466422	4.58739131341078
DUSP6	8.48502539109535	7.52412982437226	7.89816949679238	8.27772290420505	8.52785410633766	8.49189200370584
EBF1	6.32160419450257	6.70407567693805	5.95823504245291	5.76635820161062	5.86074777799147	4.39056293792205
EBF3	5.43958267543942	4.90997770096248	5.39957522639072	3.8081795233094	4.68073266603177	4.03297281358075
ECSCR	6.53166347717032	4.61220548732033	6.28230968928861	6.9076317320707	7.31984783933157	5.50989909023878
EDIL3	10.1974744093676	10.2535498510205	7.2912273095452	7.41965969214281	8.93548061871352	11.1348665870305
EDN1	3.98499468182475	3.73775048759028	4.6351694649967	4.2497562147688	3.63581036972475	3.81492801164382
EDNRB	7.54350049783637	5.40129422179632	5.22267995120671	6.68676548144273	5.91114036004475	5.68007494770586
EGFR	6.2927469611857	6.78677762981657	5.2504387817231	5.80348850241045	5.92199647089159	5.75739128225849
ELOVL7	3.61706710691486	2.89968470509947	6.14461868914055	3.84861778942111	5.8685233479166	3.03783060994241
EMCN	5.82943459119301	4.98616092991366	4.93587373670906	5.54747926541613	7.0034941998275	3.79801926142477
ENC1	9.09250995211204	9.28675402938608	9.242002887839	8.77065421047099	10.895159949577	9.21401872548298
ENOSF1	6.5781490981755	7.61503547305901	6.96608145196734	7.35822801024249	8.26071021150517	7.48128259705222
ENPP2	6.61031025630082	7.43606758814946	6.96514743538209	6.50371120070458	7.76708586558543	5.59658226639935
ENTREP1	4.0886272065209	3.95412835645886	4.59623480936208	3.91755352677502	3.33582874740463	3.68907650088995
EPPK1	5.48721858053828	6.59175865920611	6.2291886591978	4.59730751257595	4.68802322255765	5.33069556842671
EXOC6	6.53831981263688	6.66302875548645	5.61465248165221	6.40351557231524	6.10062935443567	6.47974404074142
F2RL1	6.96477382539019	6.86612850088097	3.87989321397495	7.75094688676218	7.06449445644648	4.76691574782436
FABP4	5.32658185488745	5.60134870668966	4.86648274401495	4.61044017508907	6.45686640504231	3.43041887231626
FAM107A	5.40255643820581	6.66274489223193	5.86056065833607	5.76860089853602	5.58752740876225	5.3335503851138
FAM13C	5.19238946862736	5.23686417609574	3.56545287917826	4.12912975378531	5.88393364384857	3.8601965252403
FAM162B	4.83474526192339	4.90957906495514	4.75937231627014	4.80210959288292	4.93573606762236	4.52266751297046
FAM184A	5.54327849587263	5.49076100085102	4.83083258827299	4.61485553853834	4.96769714143246	5.12939611730341
FAM43A	7.02735728986447	6.96920742522291	6.88306232997148	7.53739203343819	6.49949095165554	5.977477315486
FBXL22	3.8067306503833	4.32707134520192	5.7743306216782	4.32954093903532	4.62061946313914	4.6308989270664
FBXO31	7.01859927211787	7.86270142035976	7.65328800480168	7.51469831014515	7.02510271733192	7.4068089245968
FCGBP	8.38189308794644	7.41133605535536	8.20722952914105	9.41042703192237	6.67049796529216	8.92459579260028
FGF18	7.48684999600354	9.15860344379027	8.79116409112854	7.95328659530062	8.26479518231791	8.9875557762704
FHL1	10.6461040878557	10.3455282013107	9.78213233372972	9.266225128208	10.233949177993	10.943102314702
FIBP	8.73281109991429	8.35885310775133	8.55214492701113	8.32009501837905	9.25201780102352	8.52196810861053
FIGN	4.5876701619137	4.82208991363417	4.70288870747286	3.82269810748639	3.28368217993252	5.03936346443894
FILIP1	3.93746727956836	3.1936247163021	2.52567120421557	3.15858564289534	3.1713765073945	3.42313905908095
FMO2	6.99559500257345	6.14819893988615	7.29771779929445	6.74824874140768	6.88785425236232	6.37194668608388
FN1	4.98621152352065	4.35952282921266	3.08055524765307	3.98275016978228	5.94302143160984	6.17427824835653
FOSB	7.27216470729507	8.54060858380312	9.45481987559601	10.1863134281903	8.11380504268604	7.3803704382905
FUT1	5.26058482482763	4.65386253615657	4.91945249582953	4.69700369741057	4.71877902094548	5.09582931301598
FZD10-AS1	3.64954932272602	4.40739737615999	3.8737404369232	3.61720524876019	3.57950800585367	2.95128695798677
GABRE	5.23590896419561	4.60544912351874	5.36619395749577	5.34186872904512	4.80095690553339	5.50449212949253
GAL3ST4	6.77958315403344	6.6855268607893	6.50024376201196	6.9817738491674	6.80780759358394	7.2827545012106
GFOD1	6.9567297263152	6.8128447661418	7.1011844137766	6.89863514750955	6.73464665789996	6.00591568198484
GJB2	9.42988450922605	10.0652673995369	3.73732690489968	7.32734510255877	8.78347024473472	7.55049498009845
GNB1	7.64155679219977	7.4210526510204	7.46082397464638	6.85423672507113	8.42245869353785	7.6031681564574
GPC3	4.52006995074324	4.62535429964812	4.5385984786303	4.11764332851491	4.39920383444461	4.92937558106036
GPIHBP1	5.67747596609908	5.42559075521358	5.93451606180278	5.89091684337001	5.45616230911468	5.42006024430678
GPR146	3.33300292607267	3.32193818844927	4.58860033434493	3.84717561928488	5.00151097398277	3.65404477650657
GPR68	7.35671334158247	7.45055643594423	6.61759727780599	7.01458024732752	7.30003962572456	8.01881679392301
GRB10	6.40920930948297	5.87225115316147	6.61940167453486	6.09297560041012	6.43892537883426	5.89040210840636
GRIA1	4.26352456128244	4.15771400700153	5.29607428559326	3.88507475563296	3.47179790022507	4.93069256423326
GRK5	6.84149207879915	6.49959981520886	5.8747159223303	7.84015401624694	6.83512827805883	6.16689578472429
GSN	11.2729167574629	11.378096778296	11.7763162271416	11.580691977214	11.6805592292048	10.6851912273937
HAVCR2	7.73897300337193	6.54468924626465	6.10394779419311	7.37135064654466	7.76732357013699	7.256726112257
HOXD4	6.79863871187645	7.88053962281708	7.04778167333537	6.1090369586934	6.87439351493843	7.03811790275039
HOXD9	6.48505419553417	6.58918322604923	6.78367517184504	6.2513426673561	6.52912906425251	6.00664266254062
HYAL1	3.34991032717511	3.73760143946815	3.44428993732444	3.8072510229242	4.84947050659995	3.146563920742
HYMAI	6.09048250355605	5.06525718723347	5.80512094240671	5.08881043727436	6.38977572251011	4.21222431211097
IGF1R	7.2617959329939	6.87475148322488	6.43004673128878	6.37767383319222	6.72471682433091	6.78943665927741
IGSF10	6.68654021553515	5.87196467176013	4.40949045510368	5.33817635838409	6.76420989866381	4.75651981926711
IL33	2.7033626814393	2.48766349898421	3.93082960347088	4.07926861588095	5.27449322717904	2.36304447662476
ING3	7.40306894838841	7.02519850740438	6.37135832886592	7.14561294832015	7.12336617775933	7.04926175710793
INHBA	11.2940172542581	10.5098098785574	9.43067692147324	10.0102531881845	11.0222506949339	11.4638611916494
ITGA7	5.68600212077217	5.06690376216422	6.61909743891338	6.32689105390429	7.05299941647074	5.4664170467915
ITGA9	7.76823808918301	7.65878213011712	6.84736541196538	6.71548002151155	7.17419668424011	6.32603912956926
ITGBL1	8.9495145900096	9.88989460906255	6.7696779878144	8.24224458295185	10.0886956678693	9.66770971192824
ITIH5	4.98165900790493	4.65645267192696	5.38181336797845	5.2443922343994	4.64226171851878	4.95849422126506
ITM2A	8.15418923959584	7.63428107289603	6.69521309950852	7.94798596045668	8.5348185616773	6.92084486960644
JPT1	7.15649738217679	6.01179511017277	5.57548521657946	7.26855020447266	6.93547119512687	6.58412927690479
JUN	8.33935048318892	8.73540668775128	8.91122436795049	9.09271319771551	8.56829028739584	8.80683082816181
KCNB1	3.16522543887729	3.36102152229466	3.29027608931061	3.40545341288877	3.10984417172049	3.11501031375996
KLF11	6.47921223369107	6.08660551638885	5.81632788933002	6.01478183840118	6.10500421131122	6.49262188057377
KLF2	7.82183988520776	7.81567704768636	7.81822024840789	8.07542222254339	7.83315617001208	8.05600686556382
KLF4	5.60858821477021	4.61478553297794	5.74561207295757	6.53951436267364	6.5808527339808	5.17134702196264
LAMA3	3.95984872488593	3.46330306143441	4.39523893327431	3.55482395784457	3.90457959690868	3.6843710413351
LAMP2	9.35004118086115	9.22630378731706	9.0882195904049	8.65762654621738	9.55525785237342	9.36218404067833
LAMP5	7.64758951380528	8.99270835867527	7.09154461356639	7.54964889157479	8.79072298102628	6.49291443583419
LDB2	8.13327486624344	7.94110828033626	7.22141081667657	7.27301894856977	7.96510669863668	6.94676022125967
LEPR	3.81871420208309	4.44455455770635	5.76910662746574	4.01415655094819	3.71189429770171	3.8158946825008
LHFPL6	8.63782377936033	8.27133244153495	7.66807655493135	7.83400958018003	9.33532038187417	7.60714766312138
LHX6	5.62853366411172	5.0258700671112	5.31963518614206	5.66118689113609	5.55108676584684	4.91195231214262
LIFR	4.81302860839596	5.33078013641099	3.90787697753199	4.68740767421188	4.59668225817959	4.59866898856609
LINC01503	7.34806963524563	7.0937572039536	6.58443414032008	6.9544766231573	7.85105198330402	7.83619040875318
LINC01614	9.80985171764409	8.94865337760771	3.74673972467894	9.12393206837958	8.8014723426625	8.94613491641513
LINC01711	6.29089717030119	6.42504435145668	6.33842393999683	6.05823008656103	5.91114036004475	5.0279333101551
LNX1	4.41701103831727	2.90434911555264	4.51147149103612	3.32125731646365	4.26918009505471	3.78983742003547
LOC100507560	4.1770917771413	4.46771248296351	4.41151055930622	3.94559137715411	4.0270188689127	3.81459968562527
LONRF2	4.26980724699591	4.93212906728243	5.13270921825566	3.23446225060357	4.86225834267974	3.88464825983288
LPAR5	6.55857891093947	6.53284164602266	4.26400955432525	6.94088667432885	6.88104702273566	7.46360885208944
LRRC15	12.5360053185944	12.54658693814	9.77260655137393	10.9691906804617	12.4937603628551	11.8080765486187
LUC7L3	10.4460600955286	10.0966901115141	10.7954031818812	10.711762486941	9.82690988354594	10.0034705505971
LYVE1	3.47384145514396	3.62909208257252	4.0143387959973	4.0106338639946	5.01424892075191	4.42863393235656
MAGI1	6.31996287529172	5.10350808191374	6.17351409664676	5.56898762154826	5.61662576433522	5.35154062555536
MAMDC2	3.6609047625597	3.85965864866413	2.74450136238903	2.76636691626256	6.80950121577628	4.50647846218043
MANSC1	4.2054133780338	4.52510697506988	4.33017606994268	4.50017722492967	5.04447933031909	4.72733216538693
MAOA	2.89741026313234	3.31032694281381	3.59287880309093	3.68946491431872	3.72530719266959	3.96818639548969
MATN2	4.0489522607834	4.24905113923786	5.64705666265962	4.23048064455674	5.70561619809796	3.17188997669296
MBNL2	5.88452823188642	5.38739159641658	4.92216810413785	5.50131921226969	5.56133047086412	4.44062744931698
MEG3	5.35700534639667	4.69853859518056	5.88785954518116	4.49577317227449	4.14924089075051	5.3609363672501
MEOX2	3.20918642296118	4.57943150593897	2.79776673568304	3.81208499253292	4.10686350592325	4.39920383444461
MET	5.68944495712065	5.4042320371032	6.35217990111017	5.77469379924912	7.15218955027906	6.52563130565504
MGLL	6.56403471539358	7.02768636657008	6.66043286636067	7.73824103687307	7.26878046264286	7.00681546176321
MMRN2	5.29911026002216	4.46610046904808	4.44786485791519	5.24076762542297	5.27300934950745	3.51241481129768
MPDZ	7.34584060596923	5.8868778132719	7.38444429514795	6.70506012973777	7.03687867959464	7.25669345678211
MRC1	6.05710817038326	6.09011458616233	6.03264225543533	7.0535328342052	6.49201876401714	6.56659053335374
MYC	5.81878015211722	5.6661599385883	6.59367498420532	5.99668356475386	6.84770886663331	5.91493236473495
MYCT1	5.68498562327141	5.53605355701734	5.06769669283933	4.91846745465676	7.07900346333676	4.47490489092755
MYZAP	4.68217570144578	4.9607815561151	5.33286941535789	5.01557554724206	4.87431015118441	5.98073132176271
NBEA	5.25932065206896	3.88703374472609	4.40889410474645	3.79101892903729	3.8720403526207	4.23005607405441
NDRG2	7.29624633031061	7.90938854640523	7.76269796312728	7.49324420445076	7.03311768546659	6.6573231556649
NINJ2	9.03436889233158	8.91274226008977	6.57950110793737	8.72026620146728	9.32785649975064	8.33694413156477
NKX3-2	6.73289718036595	6.75851779355747	4.02209732874107	4.66836709890113	5.2670676114435	6.51799218868772
NOSTRIN	5.9794233454374	4.40902653734017	5.76406286746445	4.39557985531402	5.33288907594481	3.29706215069273
NOVA1	6.71624322132735	7.60646117389895	5.9071570208861	4.61458337950442	5.90130699896628	4.70352648220322
NPR1	4.59257210041845	5.32374112149869	5.30079976054144	5.33478221402038	5.37258585100197	4.54035887508131
NR2F2	4.68802322255765	6.41887880255642	5.88483277457349	5.52182625942057	5.7686413764722	4.88574273075009
NR3C1	6.07362971410276	5.65581868252157	5.45706832485755	6.03854292687369	5.99470905434119	5.0279333101551
NUDT21	7.0470503614308	6.82616550495325	6.80348528027137	6.79919018966653	6.51086350271842	6.56747956621286
OLFM1	5.24354209949418	5.58868773926947	4.93481025266711	4.9711653528781	4.43089369436917	5.24757387338332
P4HA3	7.37503015778554	8.75904929847605	6.12217965426141	6.69016653179302	8.64854628564661	7.93806455945296
PAK3	2.75430344741482	2.10453016540355	2.49187378492072	2.29692443981262	2.36263151051731	1.96520090327268
PALMD	5.47344149614167	4.33043125765803	5.57073989630263	5.25792971673616	6.86113285292907	4.56729394031339
PCDH7	7.49376248266515	6.16786972385193	5.5475871568515	5.70151949305509	7.31747173336021	6.34743538330462
PDE2A	4.55295594979592	3.85864527212361	5.28044903192828	5.25435179264204	5.34570672704578	3.1973061557743
PDE9A	5.39390930213791	4.34275462237892	5.05335323583794	4.47416974586332	4.78113381792557	5.18138934215266
PEAR1	5.61593348047471	5.72020784404859	7.56508115347174	6.5455101433047	7.02799350678771	4.71040377138974
PECAM1	9.79605638145216	8.89369620885029	9.54707511105637	10.0495786467752	9.6986823306032	9.665290410121
PGM5	6.24765758723784	5.40199096014062	6.18673168128127	6.16474604220717	6.60254302175904	5.09915260936382
PGM5-AS1	4.51792128800756	4.17982992768026	3.8549471423467	3.97736181276305	4.46492895588975	5.50656400908188
PKD1L2	3.77870943524342	4.27719490846899	4.57309809061476	4.45965049453973	4.50573773221711	4.49655409719054
PKM	6.72465484810217	5.87267293966573	5.88085702386832	6.33760499787265	6.19575176850995	6.45170427835861
PKP4	5.57163562349277	4.53896789366221	4.86195092559871	4.81406720143856	4.92722795442691	4.8904856846683
PLAGL1	7.42278555963216	7.42811257257405	7.07814954002828	6.4811231265823	7.49832408302409	7.00499896911722
PLAUR	8.36440580131413	7.33820717983949	6.87924591994961	8.52002822633868	8.44529849755478	9.0764398854759
PLCB4	5.80692775774169	5.92502969198794	6.23334682407603	4.62771785188741	5.29782766245124	5.52117846448728
PLEK2	6.29327854971892	5.94816175511177	6.24941992028479	6.34543720378047	6.13879204188278	6.63562100275942
PLP1	3.49327716279717	3.63292896768776	4.01802814425458	3.88378701725299	4.30295806624628	4.16874206732953
PLPP3	7.16107774426118	6.57506523612467	7.14083569114214	6.46199788138285	7.4823005707801	6.20281370449991
PLPP4	10.9067738098101	10.8240956743248	6.39060857761569	6.57606904673647	9.15946510029151	9.82317811295305
PLPPR4	3.55152613703577	2.76151148844066	3.09591939096492	3.73019077921678	3.8910905377253	3.68404312602445
PLXDC2	8.23326975512835	8.50101169252742	6.18918424779079	6.10412861785561	8.8328525283073	7.51249293249162
PNISR	7.65208940997996	7.28612735593282	7.87687741710098	7.56791100595708	7.95243757225837	7.3407124934678
POU6F1	4.44163603593092	4.29980027408473	4.65820431514882	4.4056016213034	4.34581950623015	5.05666206227147
PPIF	7.9357134259612	7.53205883315073	7.56841766486026	8.56992240732827	8.14879260135548	8.72449277043256
PPL	7.34296981032327	7.88994749669596	7.92991531262771	6.35429903869341	5.99099573266749	7.15538979239417
PPP1R13L	6.08083603277351	6.0912875037788	6.49175501343574	6.15839766647242	5.86912943292331	7.20765619336798
PPP1R9A	3.17974836411186	2.41037926513098	2.43035794196538	2.71071666415133	2.40280003895669	3.22390382407926
PPP6R3	6.04680879014385	5.24542030497076	5.02149897427028	5.51059223302202	5.07736556327797	4.79681709652367
PRRG3	3.86000023794547	4.02884171855162	3.28028705070484	2.88929468259957	3.56739976092035	3.38671656630302
PSMD6-AS2	5.1333964735488	4.31213192485554	4.85356615289835	4.94746605295284	4.94057354357102	4.73001416594889
PTGER4	8.05148666550877	7.72962011662563	7.85251995409671	8.5479820236974	8.73494222974927	7.79755908292294
PTGS2	4.34471242189367	4.25130196340157	4.98421691659192	4.6001579375447	6.29902872567329	3.52225536528176
PTX3	2.84400071946249	2.38410557070438	2.73471619223496	2.89374868882112	2.81114459031233	3.34834787883729
RAB31	10.1136721311081	9.93344685336291	8.3130794846064	9.23040680579489	9.72709830579199	9.55248267112503
RASD1	7.3999971541311	6.47401634503263	6.67487792972193	8.38766630212584	7.03392373967764	7.53807641270081
RBP7	6.56335871353801	5.44625210633771	5.56524716190665	6.04952420882722	5.65995212447311	4.88784647096755
RELN	6.36221390710662	8.21325518620754	6.66195945731625	5.52668392925945	6.98474237694913	4.82859014520202
RERGL	3.33420063279271	3.58529317208875	3.47525002318411	3.58480047973365	3.66459442214446	3.34716375604272
REV1	7.9347871068695	6.62251005730586	7.29162252419671	7.22611892179556	6.96195622991573	6.97987212750567
REV3L	6.45284061107063	6.55274888333319	6.43693034460522	5.60444865939425	7.00067724259349	6.24414523760546
RGMA	5.94431971301285	6.16744682205206	6.45208109448068	5.99370333956619	5.8506943800841	5.59788239043004
RHOJ	6.13435306188246	6.30611179410938	6.74130384211445	5.16573722998308	6.20330257487375	3.98901278593369
RIMKLB	7.22230983016484	7.47971021366445	6.66784843177796	6.2162568851644	6.70417851960936	6.90531803955746
RNF139-DT	5.61845991851258	5.52908120769656	5.29484488554057	5.73932420607276	6.56364152235933	6.08414440147531
RUNDC3B	4.9621553816473	4.67750863308039	4.35581905949586	4.02794823262078	4.64643656005578	3.48515293277561
RUNX1-IT1	6.08135788201287	5.59743578092948	6.31739734828489	6.53425400775904	5.92580471790284	6.60142291380185
RUNX2	8.29700274762197	8.73744590305428	4.60544912351874	6.7112154750955	6.66663300987743	7.79755822739522
SALL4	7.83635233337329	6.90188109686574	6.33895724500245	6.55103254921624	6.17593102949627	8.13822753019131
SASH1	7.73973672332225	7.92056541132002	8.37650116626994	7.35295273542845	8.50300343260262	7.95610152617061
SCARA5	3.87586502371798	5.39074968435611	7.52291275097019	5.91574806431868	5.27606929989557	3.92488957081452
SCN3A	2.53025655093937	2.41374585443049	3.42674606823169	2.57691022332025	3.36939327056983	3.32178717804989
SDC1	11.1515095200515	10.8097764356213	8.10333728128351	9.103420103756	10.4257263058404	10.3381253989475
SEMA3G	5.00818530752541	3.43946230104972	4.58896812241162	4.36944416233353	6.46941268787469	3.3396367073809
SEMA6A	4.54437102364131	4.46203843162086	4.30136436029017	4.28186692403349	5.07246129218859	4.42312042690613
SERTAD4	6.25601159126402	7.14074480857387	5.87631686608849	5.82496817916315	5.6713676305007	6.72534269063221
SFPQ	8.20140560618555	8.10307746975042	7.9144469378698	7.43489619743317	8.62889605664766	7.70599887406536
SH3BP5	8.08094915930298	8.31578450586179	7.85389380696473	7.58407959165323	8.15648495093059	8.0348558192185
SHE	7.31555042540228	7.11740274576986	5.78897109302983	6.96281899745901	7.78684813343503	4.52578900407837
SLC25A25	6.33277715535236	6.54629440114299	7.05087421160511	7.06714331395539	6.2755755081794	6.45150681372001
SLC6A6	9.55147179031967	8.02599991156535	8.30154345553328	10.1016382869587	9.75182381812666	10.576001135441
SLC7A2	6.55713483300578	7.28193476167836	7.28295095698978	6.73638840685707	7.20968106661905	5.76364274316704
SLIT2	7.15685608324917	7.32608369369136	6.53358763989894	6.27652900392087	5.81263116953149	5.87317816232268
SMCO4	10.031496476508	10.313558745005	8.84787271760737	9.7530555113129	10.6674000424263	9.78715979497641
SOCS2	8.05539352371884	8.11203518152679	7.73103171882107	6.06907782481881	8.15360896394044	5.8930467513014
SORL1	5.78393081496385	6.09612565419292	7.15492157828028	6.43341021490645	6.61916413073552	6.21534647121156
SOX17	5.94637925618246	4.65226771591461	4.48224616319937	4.68228765658718	5.38917449230016	4.22573821653843
SOX7	3.96986076550887	3.02486339371631	3.17931424240192	3.61556886889632	4.2709298953821	2.63369404800721
SPTBN1	6.98743390784733	6.92385085129634	7.26118884514429	7.17570524690947	7.00249795206556	6.22473367567989
SRPX	8.9922226644426	8.3026770360413	7.91799764953036	7.59348925782485	9.27546274411294	8.46982739213556
STARD9	7.33689730479046	6.53044787457283	5.93696319165572	6.41296268420711	6.11157873613845	6.71355028059138
STEAP4	3.94773948216797	3.80020274738873	4.0204870484922	3.93971959933701	4.57821667302378	4.66833181849694
STOX2	3.98609431970897	4.90145260133175	4.03292986762429	4.08227017235462	3.97972949260035	3.96805824158721
SUGCT	8.5907086018939	7.46021129541368	6.90927031570497	6.40773337700373	7.48215192010877	9.03281135156794
SULF1	10.4528937446197	9.70178252500682	6.58424026915466	9.31008181439111	9.87066095687586	10.4826302575431
SUN1	6.83212400584235	7.31081145828582	6.69928528912371	6.65772239408205	6.83991478259176	6.75103364726832
SVEP1	6.12157937693707	5.39245506937009	6.21609403178168	5.54289271921324	7.06432158797423	6.33700122576352
SYNDIG1	7.39098323158675	7.22305206620569	3.78767994856871	5.53207219746232	6.91618746818281	6.46451885269164
SYNM	6.09202136437572	5.33584643044126	7.59190471445807	6.51059806981721	7.1568761829299	6.73576134095945
TACC1	6.14592286395852	5.47878089607797	5.74900767041919	5.88432263555532	5.6439165025657	5.38817221303598
TACR1	3.75218871837322	3.0534798631448	4.6581683832582	4.06355429368751	5.71734443957855	3.76248838365513
TAFA5	6.77933341911662	6.84175291731426	4.1827909666206	5.72023205106123	6.108712999025	6.45144905436957
TAL1	4.87468893044844	5.60311797605907	4.98550349165115	5.12330734336832	5.32532693880885	4.7039806156064
TBC1D2	5.611398136585	5.96816367135103	5.896218719197	6.01232000832614	6.27935470532143	6.6347669067798
TFPI	6.6073953535007	5.82628215004379	6.04902296683424	5.75551703521147	6.76962762504739	4.43780546816863
TGFBR3	7.72256982330338	8.78852281022445	9.04106820724735	7.41632859215874	8.52092170788363	6.74718418812265
THBD	6.19526133424363	5.7889271630593	5.07785615667016	5.92016771515252	5.75375043715217	5.6044008828147
THSD7A	5.43908628687328	5.93884256207634	5.05036947464453	5.24460821956256	5.22298000370576	4.33052295495211
TIAM2	6.16444090987359	5.73273134447438	5.45832235705223	5.98073733053529	6.7064544296396	5.91613046953258
TM4SF1	8.31454910642677	7.65782994218391	8.33607010867713	8.13423303738072	9.11842820914878	10.2073138059767
TMEM132C	4.97849372177615	5.60161593456286	6.13025054793676	5.5841725756225	5.2514339333856	5.1984883858371
TMEM273	7.20684944847957	5.76749184971916	6.86036371513276	8.217962534261	7.70512780265899	7.57145747034265
TMEM52B	3.62483596539312	3.13519333063238	2.72345212266164	3.45696382991273	3.10984417172049	4.04466420802192
TMTC1	7.48459933411985	6.34613294554251	6.35427539139354	6.57823213315972	6.5487533025833	6.83034633595297
TNXB	4.31579861831553	5.00950717208233	6.97668534872817	5.59056483543927	5.66462415870835	4.97979790865506
TRDMT1	3.86905003173639	3.75208331785438	4.62036264391847	4.00924374332426	3.56172691605178	3.55240526109537
TSPAN7	4.77220045438598	4.65796219565682	3.77798396936351	4.90575767770685	4.84169257800162	4.89250857316719
UNC5B	9.3344992560586	8.73992783026519	8.074118359696	8.82510910773873	9.01885854642869	8.39238097310488
VDR	8.6353480435162	8.42591013681247	7.46515658852602	8.628885505915	8.59080020867352	8.47012512287327
WDFY2	7.39196349854045	6.26412628179632	7.98801917594723	7.70051140361001	6.9484577113194	6.91794614626053
YBX3	9.07782740432424	8.84364334758718	8.99428871110947	8.8212829261542	8.4573732275334	9.1721595326624
ZBTB16	5.3642255532111	5.96204724359209	5.75387573262406	4.01793347428527	3.19978929086712	4.05042255657373
ZNF385D	3.81041692763999	4.3734775641848	3.09897670747637	3.21613753701788	3.26633964904984	3.91851502649268
ZNF668	5.41937941041404	5.837363187307	5.62941743715811	5.46283455977514	5.70352024620181	5.80262351163242
